{
  "allowHttpBackend": false,
  "backendCommand": "node backend -c \"dzv2oibos05mefuos3qjp5vu5vc8mr\" -s \"a+EXX+6FpUtFB8Zj/eMf7r0x4dTXI3hGSh+Z+fDfDSk=\"",
  "backendFolderName": "",
  "certificateExceptions": [],
  "extensionViews": [
    {
      "channelId": "475958552",
      "configurationAnchor": "panel",
      "displayChannelName": "eliza_bit_of_everything",
      "features": {
        "isBitsEnabled": false,
        "isChatEnabled": false,
        "isSubscriptionStatusAvailable": false
      },
      "frameSize": {
        "width": 1280,
        "height": 720
      },
      "id": "1",
      "isPopout": false,
      "label": "",
      "linked": false,
      "linkedUserId": "",
      "orientation": "Portrait",
      "type": "panel",
      "viewerType": "Broadcaster"
    },
    {
      "channelId": "475958552",
      "configurationAnchor": "panel",
      "displayChannelName": "eliza_bit_of_everything",
      "features": {
        "isBitsEnabled": false,
        "isChatEnabled": false,
        "isSubscriptionStatusAvailable": false
      },
      "frameSize": {
        "width": 1280,
        "height": 720
      },
      "id": "4",
      "isPopout": false,
      "label": "Live Config",
      "linked": true,
      "linkedUserId": "265737932",
      "orientation": "Portrait",
      "type": "config",
      "viewerType": "Broadcaster"
    }
  ],
  "manifest": {
    "anchor": "panel",
    "assetUrls": [],
    "authorName": "eliza_bit_of_everything",
    "bitsEnabled": false,
    "canInstall": true,
    "configUrl": "http://localhost:8080/config.html",
    "configurationLocation": "hosted",
    "description": "",
    "eulaTosUrl": "",
    "hasChatSupport": false,
    "iconUrl": "",
    "iconUrls": {},
    "id": "dzv2oibos05mefuos3qjp5vu5vc8mr",
    "installationCount": -42,
    "liveConfigUrl": "",
    "name": "Bookshop.org Recommendations",
    "panelHeight": 300,
    "privacyPolicyUrl": "",
    "requestIdentityLink": false,
    "requiredBroadcasterAbilities": [],
    "screenshotUrls": [],
    "sku": "",
    "state": "Testing",
    "subscriptionsSupportLevel": "none",
    "summary": "",
    "supportEmail": "lizzard6192003@yahoo.com",
    "vendorCode": "",
    "version": "0.0.2",
    "viewerSummary": "",
    "viewerUrl": "http://localhost:8080/panel.html",
    "viewerUrls": {
      "panel": "http://localhost:8080/panel.html"
    },
    "views": {
      "panel": {
        "viewerUrl": "http://localhost:8080/panel.html",
        "height": 300,
        "canLinkExternalContent": false
      },
      "config": {
        "viewerUrl": "http://localhost:8080/config.html",
        "canLinkExternalContent": false
      }
    },
    "whitelistedConfigUrls": [],
    "whitelistedPanelUrls": []
  },
  "frontendCommand": "",
  "frontendFolderName": "D:\\Streams\\codes\\extension-bookshop-recommendations",
  "name": "Bookshop.org Recommendations",
  "version": 3,
  "usingRandomFrontendHostingPort": true
}